Gene,Ensembl Transcript ID,Mutation,Ensembl Gene ID
AKT1,ENST00000554581,p.E17K,ENSG00000142208
AKT1,ENST00000554581,p.G311D,ENSG00000142208
AKT1,ENST00000554581,p.L52R,ENSG00000142208
BRAF,ENST00000288602,p.D594G,ENSG00000157764
BRAF,ENST00000288602,p.D594N,ENSG00000157764
BRAF,ENST00000288602,p.F468C,ENSG00000157764
BRAF,ENST00000288602,p.G464V,ENSG00000157764
BRAF,ENST00000288602,p.G466E,ENSG00000157764
BRAF,ENST00000288602,p.G469A,ENSG00000157764
BRAF,ENST00000288602,p.G469R,ENSG00000157764
BRAF,ENST00000288602,p.G596D,ENSG00000157764
BRAF,ENST00000288602,p.G596S,ENSG00000157764
BRAF,ENST00000288602,p.H568D,ENSG00000157764
BRAF,ENST00000288602,p.L597Q,ENSG00000157764
BRAF,ENST00000288602,p.L597V,ENSG00000157764
BRAF,ENST00000288602,p.N581I,ENSG00000157764
BRAF,ENST00000288602,p.R575K,ENSG00000157764
BRAF,ENST00000288602,p.S467L,ENSG00000157764
BRAF,ENST00000288602,p.V600E,ENSG00000157764
CASP8,ENST00000358485,p.D367G,ENSG00000064012
CASP8,ENST00000358485,p.H363D,ENSG00000064012
CASP8,ENST00000358485,p.P411H,ENSG00000064012
CDH1,ENST00000261769,p.D257G,ENSG00000039068
CDH1,ENST00000261769,p.D257N,ENSG00000039068
CDH1,ENST00000261769,p.D290G,ENSG00000039068
CDH1,ENST00000261769,p.R222G,ENSG00000039068
CDKN2A,ENST00000498124,p.A118T,ENSG00000147889
CDKN2A,ENST00000498124,p.A85P,ENSG00000147889
CDKN2A,ENST00000498124,p.D84Y,ENSG00000147889
CHEK2,ENST00000382580,p.D452G,ENSG00000183765
CHEK2,ENST00000382580,p.H388L,ENSG00000183765
CHEK2,ENST00000382580,p.H388Y,ENSG00000183765
CHEK2,ENST00000382580,p.L381R,ENSG00000183765
CHEK2,ENST00000382580,p.R389H,ENSG00000183765
CHEK2,ENST00000382580,p.S415F,ENSG00000183765
CTNNB1,ENST00000349496,p.D32V,ENSG00000168036
CTNNB1,ENST00000349496,p.D32Y,ENSG00000168036
CTNNB1,ENST00000349496,p.E334K,ENSG00000168036
CTNNB1,ENST00000349496,p.G34E,ENSG00000168036
CTNNB1,ENST00000349496,p.G34R,ENSG00000168036
CTNNB1,ENST00000349496,p.I35S,ENSG00000168036
CTNNB1,ENST00000349496,p.K335T,ENSG00000168036
CTNNB1,ENST00000349496,p.N387I,ENSG00000168036
CTNNB1,ENST00000349496,p.N387K,ENSG00000168036
CTNNB1,ENST00000349496,p.N387Y,ENSG00000168036
CTNNB1,ENST00000349496,p.N426D,ENSG00000168036
CTNNB1,ENST00000349496,p.R386G,ENSG00000168036
CTNNB1,ENST00000349496,p.W383C,ENSG00000168036
CTNNB1,ENST00000349496,p.W383G,ENSG00000168036
CTNNB1,ENST00000349496,p.Y333F,ENSG00000168036
DDX3X,ENST00000399959,p.R528C,ENSG00000215301
DDX3X,ENST00000399959,p.T532A,ENSG00000215301
DDX3X,ENST00000399959,p.T532M,ENSG00000215301
DICER1,ENST00000526495,p.D1709N,ENSG00000100697
DICER1,ENST00000526495,p.D1810V,ENSG00000100697
DICER1,ENST00000526495,p.D1810Y,ENSG00000100697
DICER1,ENST00000526495,p.E1705K,ENSG00000100697
DICER1,ENST00000526495,p.E1813D,ENSG00000100697
DICER1,ENST00000526495,p.E1813G,ENSG00000100697
DICER1,ENST00000526495,p.G1809R,ENSG00000100697
DICER1,ENST00000526495,p.K1806N,ENSG00000100697
DICER1,ENST00000526495,p.R1703S,ENSG00000100697
EGFR,ENST00000275493,p.A289T,ENSG00000146648
EGFR,ENST00000275493,p.A289V,ENSG00000146648
EGFR,ENST00000275493,p.C628F,ENSG00000146648
EGFR,ENST00000275493,p.G598V,ENSG00000146648
EGFR,ENST00000275493,p.G719C,ENSG00000146648
EGFR,ENST00000275493,p.G719D,ENSG00000146648
EGFR,ENST00000275493,p.G724S,ENSG00000146648
EGFR,ENST00000275493,p.I759N,ENSG00000146648
EGFR,ENST00000275493,p.L858R,ENSG00000146648
EGFR,ENST00000275493,p.L861Q,ENSG00000146648
EGFR,ENST00000275493,p.P596R,ENSG00000146648
EGFR,ENST00000275493,p.P596S,ENSG00000146648
EGFR,ENST00000275493,p.R108G,ENSG00000146648
EGFR,ENST00000275493,p.R108K,ENSG00000146648
EGFR,ENST00000275493,p.R252C,ENSG00000146648
EGFR,ENST00000275493,p.R836H,ENSG00000146648
EGFR,ENST00000275493,p.V85M,ENSG00000146648
EGFR,ENST00000275493,p.Y270C,ENSG00000146648
EGFR,ENST00000275493,p.Y891C,ENSG00000146648
EP300,ENST00000263253,p.D1399N,ENSG00000100393
EP300,ENST00000263253,p.H1451P,ENSG00000100393
EP300,ENST00000263253,p.L1398P,ENSG00000100393
EP300,ENST00000263253,p.S1400I,ENSG00000100393
EP300,ENST00000263253,p.Y1397D,ENSG00000100393
EP300,ENST00000263253,p.Y1414C,ENSG00000100393
EP300,ENST00000263253,p.Y1414D,ENSG00000100393
EP300,ENST00000263253,p.Y1446C,ENSG00000100393
ERBB2,ENST00000269571,p.L755M,ENSG00000141736
ERBB2,ENST00000269571,p.L755S,ENSG00000141736
ERBB2,ENST00000269571,p.S310F,ENSG00000141736
ERBB3,ENST00000267101,p.A232T,ENSG00000065361
ERBB3,ENST00000267101,p.A232V,ENSG00000065361
ERBB3,ENST00000267101,p.R103H,ENSG00000065361
ERBB4,ENST00000342788,p.G785R,ENSG00000178568
ERBB4,ENST00000342788,p.G785V,ENSG00000178568
ERBB4,ENST00000342788,p.P800S,ENSG00000178568
FBXW7,ENST00000281708,p.A502V,ENSG00000109670
FBXW7,ENST00000281708,p.D520N,ENSG00000109670
FBXW7,ENST00000281708,p.G517E,ENSG00000109670
FBXW7,ENST00000281708,p.G517R,ENSG00000109670
FBXW7,ENST00000281708,p.R465C,ENSG00000109670
FBXW7,ENST00000281708,p.R465H,ENSG00000109670
FBXW7,ENST00000281708,p.R479Q,ENSG00000109670
FBXW7,ENST00000281708,p.R505G,ENSG00000109670
FBXW7,ENST00000281708,p.R505L,ENSG00000109670
FBXW7,ENST00000281708,p.S426L,ENSG00000109670
FBXW7,ENST00000281708,p.S516N,ENSG00000109670
FBXW7,ENST00000281708,p.S516R,ENSG00000109670
FBXW7,ENST00000281708,p.Y545C,ENSG00000109670
FGFR2,ENST00000457416,p.H545Q,ENSG00000066468
FGFR2,ENST00000457416,p.R251Q,ENSG00000066468
FGFR2,ENST00000457416,p.S252W,ENSG00000066468
FGFR3,ENST00000340107,p.R248C,ENSG00000068078
FGFR3,ENST00000340107,p.S249C,ENSG00000068078
FLT3,ENST00000241453,p.G617E,ENSG00000122025
FLT3,ENST00000241453,p.S618L,ENSG00000122025
GNA11,ENST00000078429,p.Q209H,ENSG00000088256
GNA11,ENST00000078429,p.Q209L,ENSG00000088256
GNA11,ENST00000078429,p.R183C,ENSG00000088256
GNA11,ENST00000078429,p.R213W,ENSG00000088256
GNAQ,ENST00000286548,p.G48V,ENSG00000156052
GNAQ,ENST00000286548,p.Q209P,ENSG00000156052
GNAQ,ENST00000286548,p.R183Q,ENSG00000156052
GNAQ,ENST00000286548,p.R247G,ENSG00000156052
HRAS,ENST00000451590,p.A59T,ENSG00000174775
HRAS,ENST00000451590,p.G12R,ENSG00000174775
HRAS,ENST00000451590,p.G12V,ENSG00000174775
HRAS,ENST00000451590,p.G13R,ENSG00000174775
HRAS,ENST00000451590,p.G13V,ENSG00000174775
HRAS,ENST00000451590,p.G60S,ENSG00000174775
HRAS,ENST00000451590,p.G60V,ENSG00000174775
HRAS,ENST00000451590,p.K117N,ENSG00000174775
HRAS,ENST00000451590,p.K117R,ENSG00000174775
HRAS,ENST00000451590,p.Q61K,ENSG00000174775
HRAS,ENST00000451590,p.Q61L,ENSG00000174775
IDH1,ENST00000415913,p.R132C,ENSG00000138413
IDH1,ENST00000415913,p.R132H,ENSG00000138413
IDH2,ENST00000330062,p.G137E,ENSG00000182054
IDH2,ENST00000330062,p.R140Q,ENSG00000182054
IDH2,ENST00000330062,p.R172G,ENSG00000182054
IDH2,ENST00000330062,p.R172K,ENSG00000182054
IDH2,ENST00000330062,p.R172S,ENSG00000182054
KEAP1,ENST00000171111,p.G333D,ENSG00000079999
KEAP1,ENST00000171111,p.G333S,ENSG00000079999
KEAP1,ENST00000171111,p.G477S,ENSG00000079999
KEAP1,ENST00000171111,p.G524C,ENSG00000079999
KEAP1,ENST00000171111,p.G571D,ENSG00000079999
KEAP1,ENST00000171111,p.R413H,ENSG00000079999
KEAP1,ENST00000171111,p.R483C,ENSG00000079999
KEAP1,ENST00000171111,p.V152A,ENSG00000079999
KEAP1,ENST00000171111,p.Y525C,ENSG00000079999
KIT,ENST00000288135,p.A636V,ENSG00000157404
KIT,ENST00000288135,p.D816V,ENSG00000157404
KIT,ENST00000288135,p.D816Y,ENSG00000157404
KIT,ENST00000288135,p.G812V,ENSG00000157404
KIT,ENST00000288135,p.K642E,ENSG00000157404
KIT,ENST00000288135,p.L576P,ENSG00000157404
KIT,ENST00000288135,p.L637H,ENSG00000157404
KIT,ENST00000288135,p.P573Q,ENSG00000157404
KIT,ENST00000288135,p.V559G,ENSG00000157404
KMT2C,ENST00000262189,p.C370Y,ENSG00000055609
KMT2C,ENST00000262189,p.C385Y,ENSG00000055609
KRAS,ENST00000256078,p.A59G,ENSG00000133703
KRAS,ENST00000256078,p.A59T,ENSG00000133703
KRAS,ENST00000256078,p.E62K,ENSG00000133703
KRAS,ENST00000256078,p.E63K,ENSG00000133703
KRAS,ENST00000256078,p.G12R,ENSG00000133703
KRAS,ENST00000256078,p.G12V,ENSG00000133703
KRAS,ENST00000256078,p.G13C,ENSG00000133703
KRAS,ENST00000256078,p.G13D,ENSG00000133703
KRAS,ENST00000256078,p.I21R,ENSG00000133703
KRAS,ENST00000256078,p.K117N,ENSG00000133703
KRAS,ENST00000256078,p.L19F,ENSG00000133703
KRAS,ENST00000256078,p.P34L,ENSG00000133703
KRAS,ENST00000256078,p.Q61K,ENSG00000133703
KRAS,ENST00000256078,p.Q61R,ENSG00000133703
KRAS,ENST00000256078,p.T20R,ENSG00000133703
KRAS,ENST00000256078,p.V14I,ENSG00000133703
MAP2K1,ENST00000307102,p.C121R,ENSG00000169032
MAP2K1,ENST00000307102,p.P124L,ENSG00000169032
MAP2K1,ENST00000307102,p.P124S,ENSG00000169032
MAP2K1,ENST00000307102,p.Y130C,ENSG00000169032
MET,ENST00000318493,p.D1246H,ENSG00000105976
MET,ENST00000318493,p.V1110I,ENSG00000105976
MET,ENST00000318493,p.Y1248C,ENSG00000105976
MET,ENST00000318493,p.Y1248H,ENSG00000105976
MTOR,ENST00000361445,p.K1981E,ENSG00000198793
MTOR,ENST00000361445,p.L1460P,ENSG00000198793
MTOR,ENST00000361445,p.L2209V,ENSG00000198793
MTOR,ENST00000361445,p.L2230V,ENSG00000198793
MTOR,ENST00000361445,p.S2215F,ENSG00000198793
MTOR,ENST00000361445,p.T1977R,ENSG00000198793
MTOR,ENST00000361445,p.V2406A,ENSG00000198793
MTOR,ENST00000361445,p.V2406M,ENSG00000198793
MTOR,ENST00000361445,p.Y1974C,ENSG00000198793
NFE2L2,ENST00000397062,p.D77G,ENSG00000116044
NFE2L2,ENST00000397062,p.E79G,ENSG00000116044
NFE2L2,ENST00000397062,p.E79Q,ENSG00000116044
NFE2L2,ENST00000397062,p.E82D,ENSG00000116044
NFE2L2,ENST00000397062,p.E82V,ENSG00000116044
NFE2L2,ENST00000397062,p.G81S,ENSG00000116044
NFE2L2,ENST00000397062,p.G81V,ENSG00000116044
NFE2L2,ENST00000397062,p.T80A,ENSG00000116044
NFE2L2,ENST00000397062,p.T80I,ENSG00000116044
NOTCH1,ENST00000277541,p.C440R,ENSG00000148400
NOTCH1,ENST00000277541,p.C440S,ENSG00000148400
NOTCH1,ENST00000277541,p.C449Y,ENSG00000148400
NRAS,ENST00000369535,p.E62K,ENSG00000213281
NRAS,ENST00000369535,p.G12D,ENSG00000213281
NRAS,ENST00000369535,p.G12S,ENSG00000213281
NRAS,ENST00000369535,p.G13D,ENSG00000213281
NRAS,ENST00000369535,p.G13R,ENSG00000213281
NRAS,ENST00000369535,p.K16N,ENSG00000213281
NRAS,ENST00000369535,p.Q61H,ENSG00000213281
NRAS,ENST00000369535,p.Q61K,ENSG00000213281
NRAS,ENST00000369535,p.Q61R,ENSG00000213281
PIK3CA,ENST00000263967,p.C420R,ENSG00000121879
PIK3CA,ENST00000263967,p.E365V,ENSG00000121879
PIK3CA,ENST00000263967,p.E545A,ENSG00000121879
PIK3CA,ENST00000263967,p.E545K,ENSG00000121879
PIK3CA,ENST00000263967,p.L956F,ENSG00000121879
PIK3CA,ENST00000263967,p.N345I,ENSG00000121879
PIK3CA,ENST00000263967,p.N345Y,ENSG00000121879
PIK3CA,ENST00000263967,p.P471L,ENSG00000121879
PIK3CA,ENST00000263967,p.P539R,ENSG00000121879
PIK3CA,ENST00000263967,p.Q546R,ENSG00000121879
PIK3CA,ENST00000263967,p.V344G,ENSG00000121879
PIK3CA,ENST00000263967,p.V344M,ENSG00000121879
PIK3R1,ENST00000521381,p.D560G,ENSG00000145675
PIK3R1,ENST00000521381,p.D560Y,ENSG00000145675
PIK3R1,ENST00000521381,p.G375W,ENSG00000145675
PIK3R1,ENST00000521381,p.G376R,ENSG00000145675
PIK3R1,ENST00000521381,p.K379E,ENSG00000145675
PIK3R1,ENST00000521381,p.K379N,ENSG00000145675
PIK3R1,ENST00000521381,p.K567E,ENSG00000145675
PIK3R1,ENST00000521381,p.P568T,ENSG00000145675
PIK3R1,ENST00000521381,p.R557P,ENSG00000145675
PIK3R1,ENST00000521381,p.R574T,ENSG00000145675
PIK3R1,ENST00000521381,p.S565R,ENSG00000145675
PPP2R1A,ENST00000322088,p.P179R,ENSG00000105568
PPP2R1A,ENST00000322088,p.Q217K,ENSG00000105568
PPP2R1A,ENST00000322088,p.Q217R,ENSG00000105568
PPP2R1A,ENST00000322088,p.R144C,ENSG00000105568
PPP2R1A,ENST00000322088,p.R182W,ENSG00000105568
PPP2R1A,ENST00000322088,p.R183Q,ENSG00000105568
PPP2R1A,ENST00000322088,p.R183W,ENSG00000105568
PPP2R1A,ENST00000322088,p.R258C,ENSG00000105568
PPP2R1A,ENST00000322088,p.R258H,ENSG00000105568
PPP2R1A,ENST00000322088,p.R260G,ENSG00000105568
PPP2R1A,ENST00000322088,p.S256Y,ENSG00000105568
PPP2R1A,ENST00000322088,p.V220M,ENSG00000105568
PPP2R1A,ENST00000322088,p.W257C,ENSG00000105568
PTPN11,ENST00000351677,p.A461G,ENSG00000179295
PTPN11,ENST00000351677,p.A461T,ENSG00000179295
PTPN11,ENST00000351677,p.A72D,ENSG00000179295
PTPN11,ENST00000351677,p.E76A,ENSG00000179295
PTPN11,ENST00000351677,p.E76K,ENSG00000179295
PTPN11,ENST00000351677,p.F71L,ENSG00000179295
PTPN11,ENST00000351677,p.G503V,ENSG00000179295
PTPN11,ENST00000351677,p.G60V,ENSG00000179295
PTPN11,ENST00000351677,p.I282M,ENSG00000179295
PTPN11,ENST00000351677,p.M504I,ENSG00000179295
PTPN11,ENST00000351677,p.Q510H,ENSG00000179295
PTPN11,ENST00000351677,p.Q510L,ENSG00000179295
PTPN11,ENST00000351677,p.R498W,ENSG00000179295
PTPN11,ENST00000351677,p.T507K,ENSG00000179295
PTPN11,ENST00000351677,p.Y279C,ENSG00000179295
RAC1,ENST00000356142,p.A178V,ENSG00000136238
RAC1,ENST00000356142,p.C18Y,ENSG00000136238
RAC1,ENST00000356142,p.G15S,ENSG00000136238
RAC1,ENST00000356142,p.K135N,ENSG00000136238
RAC1,ENST00000356142,p.P29L,ENSG00000136238
RAC1,ENST00000356142,p.P29S,ENSG00000136238
RAC1,ENST00000356142,p.Q61R,ENSG00000136238
RAC1,ENST00000356142,p.R68H,ENSG00000136238
RASA1,ENST00000274376,p.R789L,ENSG00000145715
RB1,ENST00000267163,p.W563S,ENSG00000139687
RHEB,ENST00000262187,p.D60V,ENSG00000106615
RHOA,ENST00000418115,p.A161T,ENSG00000067560
RHOA,ENST00000418115,p.A161V,ENSG00000067560
RHOA,ENST00000418115,p.A61D,ENSG00000067560
RHOA,ENST00000418115,p.D59G,ENSG00000067560
RHOA,ENST00000418115,p.D59Y,ENSG00000067560
RHOA,ENST00000418115,p.E47K,ENSG00000067560
RHOA,ENST00000418115,p.G17A,ENSG00000067560
RHOA,ENST00000418115,p.G62E,ENSG00000067560
RHOA,ENST00000418115,p.G62R,ENSG00000067560
RHOA,ENST00000418115,p.L22R,ENSG00000067560
RHOA,ENST00000418115,p.Q63K,ENSG00000067560
RHOA,ENST00000418115,p.R70S,ENSG00000067560
RHOA,ENST00000418115,p.S73P,ENSG00000067560
RHOA,ENST00000418115,p.T37I,ENSG00000067560
RHOA,ENST00000418115,p.T60K,ENSG00000067560
RHOA,ENST00000418115,p.Y42C,ENSG00000067560
RRAS2,ENST00000256196,p.Q72H,ENSG00000133818
RRAS2,ENST00000256196,p.Q72L,ENSG00000133818
RUNX1,ENST00000300305,p.K110N,ENSG00000159216
RUNX1,ENST00000300305,p.R107L,ENSG00000159216
SETD2,ENST00000409792,p.H1603R,ENSG00000181555
SETD2,ENST00000409792,p.N1628T,ENSG00000181555
SETD2,ENST00000409792,p.R1543Q,ENSG00000181555
SETD2,ENST00000409792,p.R1625C,ENSG00000181555
SETD2,ENST00000409792,p.R1625L,ENSG00000181555
SF3B1,ENST00000335508,p.E622Q,ENSG00000115524
SF3B1,ENST00000335508,p.E862K,ENSG00000115524
SF3B1,ENST00000335508,p.E902G,ENSG00000115524
SF3B1,ENST00000335508,p.E902K,ENSG00000115524
SF3B1,ENST00000335508,p.F746V,ENSG00000115524
SF3B1,ENST00000335508,p.H662R,ENSG00000115524
SF3B1,ENST00000335508,p.K666E,ENSG00000115524
SF3B1,ENST00000335508,p.K666N,ENSG00000115524
SF3B1,ENST00000335508,p.K666T,ENSG00000115524
SF3B1,ENST00000335508,p.K700E,ENSG00000115524
SF3B1,ENST00000335508,p.K741E,ENSG00000115524
SF3B1,ENST00000335508,p.N626Y,ENSG00000115524
SF3B1,ENST00000335508,p.Q903P,ENSG00000115524
SF3B1,ENST00000335508,p.R625C,ENSG00000115524
SF3B1,ENST00000335508,p.R625H,ENSG00000115524
SF3B1,ENST00000335508,p.T663P,ENSG00000115524
SMAD2,ENST00000402690,p.D450E,ENSG00000175387
SMAD2,ENST00000402690,p.D450N,ENSG00000175387
SMAD4,ENST00000342988,p.A406V,ENSG00000141646
SMAD4,ENST00000342988,p.C363S,ENSG00000141646
SMAD4,ENST00000342988,p.C523W,ENSG00000141646
SMAD4,ENST00000342988,p.D351G,ENSG00000141646
SMAD4,ENST00000342988,p.D351H,ENSG00000141646
SMAD4,ENST00000342988,p.D355V,ENSG00000141646
SMAD4,ENST00000342988,p.D355Y,ENSG00000141646
SMAD4,ENST00000342988,p.F339L,ENSG00000141646
SMAD4,ENST00000342988,p.F408L,ENSG00000141646
SMAD4,ENST00000342988,p.G352R,ENSG00000141646
SMAD4,ENST00000342988,p.G352V,ENSG00000141646
SMAD4,ENST00000342988,p.G365D,ENSG00000141646
SMAD4,ENST00000342988,p.G365R,ENSG00000141646
SMAD4,ENST00000342988,p.G384D,ENSG00000141646
SMAD4,ENST00000342988,p.G386S,ENSG00000141646
SMAD4,ENST00000342988,p.G386V,ENSG00000141646
SMAD4,ENST00000342988,p.H382D,ENSG00000141646
SMAD4,ENST00000342988,p.I383R,ENSG00000141646
SMAD4,ENST00000342988,p.K507N,ENSG00000141646
SMAD4,ENST00000342988,p.P356L,ENSG00000141646
SMAD4,ENST00000342988,p.P356S,ENSG00000141646
SMAD4,ENST00000342988,p.Q366K,ENSG00000141646
SMAD4,ENST00000342988,p.R361C,ENSG00000141646
SMAD4,ENST00000342988,p.R361H,ENSG00000141646
SMAD4,ENST00000342988,p.S368C,ENSG00000141646
SMAD4,ENST00000342988,p.S504R,ENSG00000141646
SMAD4,ENST00000342988,p.W509G,ENSG00000141646
SMAD4,ENST00000342988,p.W524L,ENSG00000141646
SMAD4,ENST00000342988,p.W524R,ENSG00000141646
SMAD4,ENST00000342988,p.Y353C,ENSG00000141646
SMAD4,ENST00000342988,p.Y353N,ENSG00000141646
SPOP,ENST00000393331,p.W131G,ENSG00000121067
SPOP,ENST00000393331,p.Y87N,ENSG00000121067
TGFBR2,ENST00000359013,p.R553C,ENSG00000163513
TGFBR2,ENST00000359013,p.R553H,ENSG00000163513
TGFBR2,ENST00000359013,p.T555I,ENSG00000163513
TP53,ENST00000269305,p.A138T,ENSG00000141510
TP53,ENST00000269305,p.A138V,ENSG00000141510
TP53,ENST00000269305,p.A159P,ENSG00000141510
TP53,ENST00000269305,p.A161D,ENSG00000141510
TP53,ENST00000269305,p.A161T,ENSG00000141510
TP53,ENST00000269305,p.A276G,ENSG00000141510
TP53,ENST00000269305,p.A276P,ENSG00000141510
TP53,ENST00000269305,p.C135R,ENSG00000141510
TP53,ENST00000269305,p.C135Y,ENSG00000141510
TP53,ENST00000269305,p.C141R,ENSG00000141510
TP53,ENST00000269305,p.C141Y,ENSG00000141510
TP53,ENST00000269305,p.C176F,ENSG00000141510
TP53,ENST00000269305,p.C176R,ENSG00000141510
TP53,ENST00000269305,p.C238R,ENSG00000141510
TP53,ENST00000269305,p.C238W,ENSG00000141510
TP53,ENST00000269305,p.C238Y,ENSG00000141510
TP53,ENST00000269305,p.C242S,ENSG00000141510
TP53,ENST00000269305,p.C242Y,ENSG00000141510
TP53,ENST00000269305,p.C275G,ENSG00000141510
TP53,ENST00000269305,p.C275Y,ENSG00000141510
TP53,ENST00000269305,p.C277G,ENSG00000141510
TP53,ENST00000269305,p.C277Y,ENSG00000141510
TP53,ENST00000269305,p.D208G,ENSG00000141510
TP53,ENST00000269305,p.D259V,ENSG00000141510
TP53,ENST00000269305,p.D259Y,ENSG00000141510
TP53,ENST00000269305,p.D281E,ENSG00000141510
TP53,ENST00000269305,p.D281H,ENSG00000141510
TP53,ENST00000269305,p.D281V,ENSG00000141510
TP53,ENST00000269305,p.E171K,ENSG00000141510
TP53,ENST00000269305,p.E180K,ENSG00000141510
TP53,ENST00000269305,p.E258D,ENSG00000141510
TP53,ENST00000269305,p.E258G,ENSG00000141510
TP53,ENST00000269305,p.E258K,ENSG00000141510
TP53,ENST00000269305,p.E271K,ENSG00000141510
TP53,ENST00000269305,p.E271V,ENSG00000141510
TP53,ENST00000269305,p.E285K,ENSG00000141510
TP53,ENST00000269305,p.E285V,ENSG00000141510
TP53,ENST00000269305,p.E286G,ENSG00000141510
TP53,ENST00000269305,p.E286Q,ENSG00000141510
TP53,ENST00000269305,p.F109S,ENSG00000141510
TP53,ENST00000269305,p.F109V,ENSG00000141510
TP53,ENST00000269305,p.F113C,ENSG00000141510
TP53,ENST00000269305,p.F113V,ENSG00000141510
TP53,ENST00000269305,p.F134L,ENSG00000141510
TP53,ENST00000269305,p.F270S,ENSG00000141510
TP53,ENST00000269305,p.F270V,ENSG00000141510
TP53,ENST00000269305,p.G105C,ENSG00000141510
TP53,ENST00000269305,p.G105V,ENSG00000141510
TP53,ENST00000269305,p.G154V,ENSG00000141510
TP53,ENST00000269305,p.G244D,ENSG00000141510
TP53,ENST00000269305,p.G244S,ENSG00000141510
TP53,ENST00000269305,p.G245D,ENSG00000141510
TP53,ENST00000269305,p.G245S,ENSG00000141510
TP53,ENST00000269305,p.G262V,ENSG00000141510
TP53,ENST00000269305,p.G266R,ENSG00000141510
TP53,ENST00000269305,p.G266V,ENSG00000141510
TP53,ENST00000269305,p.G279E,ENSG00000141510
TP53,ENST00000269305,p.G279R,ENSG00000141510
TP53,ENST00000269305,p.G334V,ENSG00000141510
TP53,ENST00000269305,p.G334W,ENSG00000141510
TP53,ENST00000269305,p.H168R,ENSG00000141510
TP53,ENST00000269305,p.H178Q,ENSG00000141510
TP53,ENST00000269305,p.H179D,ENSG00000141510
TP53,ENST00000269305,p.H179Q,ENSG00000141510
TP53,ENST00000269305,p.H179R,ENSG00000141510
TP53,ENST00000269305,p.H193N,ENSG00000141510
TP53,ENST00000269305,p.H193R,ENSG00000141510
TP53,ENST00000269305,p.H214R,ENSG00000141510
TP53,ENST00000269305,p.I162F,ENSG00000141510
TP53,ENST00000269305,p.I162N,ENSG00000141510
TP53,ENST00000269305,p.I195F,ENSG00000141510
TP53,ENST00000269305,p.I195M,ENSG00000141510
TP53,ENST00000269305,p.I195N,ENSG00000141510
TP53,ENST00000269305,p.I232S,ENSG00000141510
TP53,ENST00000269305,p.I251F,ENSG00000141510
TP53,ENST00000269305,p.I251N,ENSG00000141510
TP53,ENST00000269305,p.I254S,ENSG00000141510
TP53,ENST00000269305,p.I255T,ENSG00000141510
TP53,ENST00000269305,p.I332F,ENSG00000141510
TP53,ENST00000269305,p.K120E,ENSG00000141510
TP53,ENST00000269305,p.K132E,ENSG00000141510
TP53,ENST00000269305,p.K132N,ENSG00000141510
TP53,ENST00000269305,p.K132R,ENSG00000141510
TP53,ENST00000269305,p.K164E,ENSG00000141510
TP53,ENST00000269305,p.L111R,ENSG00000141510
TP53,ENST00000269305,p.L130R,ENSG00000141510
TP53,ENST00000269305,p.L130V,ENSG00000141510
TP53,ENST00000269305,p.L137Q,ENSG00000141510
TP53,ENST00000269305,p.L145P,ENSG00000141510
TP53,ENST00000269305,p.L194F,ENSG00000141510
TP53,ENST00000269305,p.L194H,ENSG00000141510
TP53,ENST00000269305,p.L257R,ENSG00000141510
TP53,ENST00000269305,p.L265P,ENSG00000141510
TP53,ENST00000269305,p.L348F,ENSG00000141510
TP53,ENST00000269305,p.L348S,ENSG00000141510
TP53,ENST00000269305,p.M237I,ENSG00000141510
TP53,ENST00000269305,p.M237K,ENSG00000141510
TP53,ENST00000269305,p.M237V,ENSG00000141510
TP53,ENST00000269305,p.M243I,ENSG00000141510
TP53,ENST00000269305,p.M246T,ENSG00000141510
TP53,ENST00000269305,p.M246V,ENSG00000141510
TP53,ENST00000269305,p.N131I,ENSG00000141510
TP53,ENST00000269305,p.N239D,ENSG00000141510
TP53,ENST00000269305,p.N247I,ENSG00000141510
TP53,ENST00000269305,p.P142L,ENSG00000141510
TP53,ENST00000269305,p.P151H,ENSG00000141510
TP53,ENST00000269305,p.P151S,ENSG00000141510
TP53,ENST00000269305,p.P152L,ENSG00000141510
TP53,ENST00000269305,p.P152S,ENSG00000141510
TP53,ENST00000269305,p.P177R,ENSG00000141510
TP53,ENST00000269305,p.P177S,ENSG00000141510
TP53,ENST00000269305,p.P190L,ENSG00000141510
TP53,ENST00000269305,p.P250R,ENSG00000141510
TP53,ENST00000269305,p.P278R,ENSG00000141510
TP53,ENST00000269305,p.P278S,ENSG00000141510
TP53,ENST00000269305,p.Q136E,ENSG00000141510
TP53,ENST00000269305,p.Q136H,ENSG00000141510
TP53,ENST00000269305,p.Q136P,ENSG00000141510
TP53,ENST00000269305,p.Q144H,ENSG00000141510
TP53,ENST00000269305,p.Q144P,ENSG00000141510
TP53,ENST00000269305,p.Q192R,ENSG00000141510
TP53,ENST00000269305,p.R110P,ENSG00000141510
TP53,ENST00000269305,p.R156P,ENSG00000141510
TP53,ENST00000269305,p.R158H,ENSG00000141510
TP53,ENST00000269305,p.R158S,ENSG00000141510
TP53,ENST00000269305,p.R174W,ENSG00000141510
TP53,ENST00000269305,p.R175G,ENSG00000141510
TP53,ENST00000269305,p.R175H,ENSG00000141510
TP53,ENST00000269305,p.R181C,ENSG00000141510
TP53,ENST00000269305,p.R181H,ENSG00000141510
TP53,ENST00000269305,p.R196P,ENSG00000141510
TP53,ENST00000269305,p.R213L,ENSG00000141510
TP53,ENST00000269305,p.R248Q,ENSG00000141510
TP53,ENST00000269305,p.R248W,ENSG00000141510
TP53,ENST00000269305,p.R249G,ENSG00000141510
TP53,ENST00000269305,p.R249M,ENSG00000141510
TP53,ENST00000269305,p.R249S,ENSG00000141510
TP53,ENST00000269305,p.R267Q,ENSG00000141510
TP53,ENST00000269305,p.R267W,ENSG00000141510
TP53,ENST00000269305,p.R273C,ENSG00000141510
TP53,ENST00000269305,p.R273H,ENSG00000141510
TP53,ENST00000269305,p.R280K,ENSG00000141510
TP53,ENST00000269305,p.R280S,ENSG00000141510
TP53,ENST00000269305,p.R282Q,ENSG00000141510
TP53,ENST00000269305,p.R282W,ENSG00000141510
TP53,ENST00000269305,p.R283P,ENSG00000141510
TP53,ENST00000269305,p.R337H,ENSG00000141510
TP53,ENST00000269305,p.R337S,ENSG00000141510
TP53,ENST00000269305,p.S121Y,ENSG00000141510
TP53,ENST00000269305,p.S127P,ENSG00000141510
TP53,ENST00000269305,p.S127Y,ENSG00000141510
TP53,ENST00000269305,p.S215G,ENSG00000141510
TP53,ENST00000269305,p.S215I,ENSG00000141510
TP53,ENST00000269305,p.S215R,ENSG00000141510
TP53,ENST00000269305,p.S240R,ENSG00000141510
TP53,ENST00000269305,p.S241F,ENSG00000141510
TP53,ENST00000269305,p.S241P,ENSG00000141510
TP53,ENST00000269305,p.T125M,ENSG00000141510
TP53,ENST00000269305,p.T125P,ENSG00000141510
TP53,ENST00000269305,p.T155P,ENSG00000141510
TP53,ENST00000269305,p.T211I,ENSG00000141510
TP53,ENST00000269305,p.T230P,ENSG00000141510
TP53,ENST00000269305,p.T253A,ENSG00000141510
TP53,ENST00000269305,p.T256I,ENSG00000141510
TP53,ENST00000269305,p.T284P,ENSG00000141510
TP53,ENST00000269305,p.V143A,ENSG00000141510
TP53,ENST00000269305,p.V143M,ENSG00000141510
TP53,ENST00000269305,p.V147G,ENSG00000141510
TP53,ENST00000269305,p.V157D,ENSG00000141510
TP53,ENST00000269305,p.V172D,ENSG00000141510
TP53,ENST00000269305,p.V172F,ENSG00000141510
TP53,ENST00000269305,p.V173G,ENSG00000141510
TP53,ENST00000269305,p.V173L,ENSG00000141510
TP53,ENST00000269305,p.V197G,ENSG00000141510
TP53,ENST00000269305,p.V197L,ENSG00000141510
TP53,ENST00000269305,p.V216E,ENSG00000141510
TP53,ENST00000269305,p.V216L,ENSG00000141510
TP53,ENST00000269305,p.V218E,ENSG00000141510
TP53,ENST00000269305,p.V272G,ENSG00000141510
TP53,ENST00000269305,p.V272M,ENSG00000141510
TP53,ENST00000269305,p.V274G,ENSG00000141510
TP53,ENST00000269305,p.V274L,ENSG00000141510
TP53,ENST00000269305,p.Y107D,ENSG00000141510
TP53,ENST00000269305,p.Y126D,ENSG00000141510
TP53,ENST00000269305,p.Y126S,ENSG00000141510
TP53,ENST00000269305,p.Y163C,ENSG00000141510
TP53,ENST00000269305,p.Y163H,ENSG00000141510
TP53,ENST00000269305,p.Y205N,ENSG00000141510
TP53,ENST00000269305,p.Y205S,ENSG00000141510
TP53,ENST00000269305,p.Y220C,ENSG00000141510
TP53,ENST00000269305,p.Y220H,ENSG00000141510
TP53,ENST00000269305,p.Y234C,ENSG00000141510
TP53,ENST00000269305,p.Y234H,ENSG00000141510
TP53,ENST00000269305,p.Y236C,ENSG00000141510
TP53,ENST00000269305,p.Y236H,ENSG00000141510
VHL,ENST00000256474,p.C162R,ENSG00000134086
VHL,ENST00000256474,p.F136V,ENSG00000134086
VHL,ENST00000256474,p.H115N,ENSG00000134086
VHL,ENST00000256474,p.I151F,ENSG00000134086
VHL,ENST00000256474,p.I151N,ENSG00000134086
VHL,ENST00000256474,p.L118P,ENSG00000134086
VHL,ENST00000256474,p.L128H,ENSG00000134086
VHL,ENST00000256474,p.L153P,ENSG00000134086
VHL,ENST00000256474,p.L158R,ENSG00000134086
VHL,ENST00000256474,p.L158V,ENSG00000134086
VHL,ENST00000256474,p.L178P,ENSG00000134086
VHL,ENST00000256474,p.L184P,ENSG00000134086
VHL,ENST00000256474,p.L188P,ENSG00000134086
VHL,ENST00000256474,p.L89H,ENSG00000134086
VHL,ENST00000256474,p.N131Y,ENSG00000134086
VHL,ENST00000256474,p.R120G,ENSG00000134086
VHL,ENST00000256474,p.R161Q,ENSG00000134086
VHL,ENST00000256474,p.R79G,ENSG00000134086
VHL,ENST00000256474,p.R82P,ENSG00000134086
VHL,ENST00000256474,p.S80R,ENSG00000134086
VHL,ENST00000256474,p.V130D,ENSG00000134086
VHL,ENST00000256474,p.V130F,ENSG00000134086
VHL,ENST00000256474,p.V165D,ENSG00000134086
VHL,ENST00000256474,p.W117C,ENSG00000134086
ZFP36L2,ENST00000282388,p.C159Y,ENSG00000152518
